"","Camera","SD_Card","Round","ForestType","Forest","Season","SpecRichness","NumDeer","Inv_simp_div","Shan_div","RoadDensity50","PlotSize50","Aspect50","Slope50","P_Water50","P_Mixed50","P_Deciduous50","P_Forest50","P_Development50","P_Agriculture50","P_Shrub50","P_Wetland50","P_Herb50","PPT_50","Elevation50","Cam_Model","Cam_Orient","ForestShannon","Forest_Density","Forest_Dominance","Sap_Dominance","PPT_100","Slope100","Elevation100","RoadDensity100","PlotSize100","Cam_Orient100","Aspect100","P_Water100","P_Mixed100","P_Deciduos100","P_Forest100","P_Development100","P_Agriculture100","P_Shrub100","P_Heb100"
"1",11,13,1,"Deciduous","BC","Winter",12,7,3.84173913,1.687688183,0,7261271.09,135,1.012750387,7.168459,0.896057,60.573477,85.483871,0,0,3.942652,1.612903,2.688172,123.1381989,128,"Bushnell HD",302,1.070819106,33070.83333,26.43346531,72518.43042,95.92179871,16.05431557,117,0,7261271.087,46,87.51044464,3.150315,1.710171,49.234923,88.388838,0,6.120612,0.810081,0
"2",17,24,1,"Deciduous","BC","Winter",6,45,2.888385072,1.261958605,0.445029083,4741317.96,NA,0,3.763441,1.792115,46.057348,88.530467,0,0,1.612903,6.989247,0,96.62519836,262,"Browning ",157,1.070819106,33070.83333,26.43346531,72518.43042,98.8789978,4.044691086,142,0,6371882.833,284,315,4.140414,0,84.608461,84.608461,0,0,2.160216,0
"3",24,4,1,"Deciduous","BC","Winter",3,16,2.331606218,0.933393901,0.469279342,4741317.96,315,1.012750387,9.856631,0.358423,62.903226,86.738352,0,0,0,3.046595,0,94.88400269,255,"Bushnell HD",278,1.070819106,33070.83333,26.43346531,72518.43042,102.7360001,9.256682396,260,0.639446,4741317.962,30,302.4711914,1.170117,1.170117,23.852385,91.269127,0,0,0,1.620162
"4",30,20,1,"Deciduous","BC","Winter",NA,NA,NA,NA,0,5202084.1,303.690063,5.150652409,0,2.508961,91.935484,98.387097,0,0,2.508961,0,0,99.76599884,262,"Bushnell HD",241,1.070819106,33070.83333,26.43346531,72518.43042,99.76599884,5.150652409,262,0.322726,5202084.104,241,303.6900635,0,4.860486,78.937894,90.369037,0,0,9.630963,0
"5",11,21,2,"Deciduous","BC","Spring",NA,NA,NA,NA,0,6371882.83,135,1.012750387,2.329749,0,82.97491,85.125448,0,0,0,13.082437,0,96.86520386,147,"Bushnell HD",98,1.070819106,33070.83333,26.43346531,72518.43042,93.27200317,1.012750387,147,0,6371882.833,98,135,6.750675,0,74.527453,76.057606,0,0,0,0.990099
"6",17,8,2,"Deciduous","BC","Spring",13,13,3.094199306,1.651746669,1.23360469,4741317.96,NA,0,0,1.433692,18.817204,78.853047,0,0,8.243728,13.261649,0,96.62519836,250,"Browning ",218,1.070819106,33070.83333,26.43346531,72518.43042,98.48180389,1.012750387,231,0.309171,9505800.525,121,225,0,10.531053,29.612961,80.198019,0,0.720072,2.070207,0
"7",24,18,2,"Deciduous","BC","Spring",8,28,2.412715034,1.166864789,0,9505800.53,NA,0,3.046595,7.526882,70.071685,93.010753,0,0,0.896057,3.225806,0,97.57499695,277,"Browning ",37,1.070819106,33070.83333,26.43346531,72518.43042,119.0617981,14.88256741,227,1.181472,5202084.104,168,131.1859283,0,4.050405,60.846085,90.189019,5.580558,0,0,0
"8",30,22,2,"Deciduous","BC","Spring",9,39,3.594017094,1.537782468,0,5615631.56,98.1301041,5.051152706,0,0,100,100,0,0,0,0,0,99.28639984,274,"Bushnell HD",161,1.070819106,33070.83333,26.43346531,72518.43042,99.76599884,11.30993271,189,0.756377,5202084.104,233,180,NA,1.530153,70.29703,88.118812,2.610261,NA,8.640864,NA
"9",11,31,3,"Deciduous","BC","Summer",NA,NA,NA,NA,0.688304954,5615631.56,251.565048,2.263636112,1.075269,0,92.293907,93.548387,0,0,3.046595,2.867384,0,94.6006012,286,"Bushnell HD",256,1.070819106,33070.83333,26.43346531,72518.43042,94.92060089,2.263636112,132,0,7261271.087,304,251.5650482,0.720072,1.260126,35.553555,92.439244,0,0,0.990099,0
"10",17,7,3,"Deciduous","BC","Summer",NA,NA,NA,NA,0,5615631.56,177.709396,17.36706734,1.433692,0,95.698925,95.698925,0,0,0,3.0465595,0,94.6006012,236,"Browning ",218,1.070819106,33070.83333,26.43346531,72518.43042,91.81259918,1.012750387,132,0,7261271.087,280,225,0.450045,1.350135,35.373537,92.349235,0,0,0.990099,0
"11",24,25,3,"Deciduous","BC","Summer",NA,NA,NA,NA,0.746943063,5202084.1,14.0362425,5.885129452,0,4.83871,76.702509,97.49104,1.25448,0,0,0.537634,0,97.375,212,"Browning ",227,1.070819106,33070.83333,26.43346531,72518.43042,90.55780029,18.37304306,111,0.729694,7261271.087,51,289.7988892,0,2.250225,50.315032,74.347435,2.970297,1.80018,0.630063,0
"12",30,6,3,"Deciduous","BC","Summer",5,NA,1.167983368,0.372193902,0.787470647,9505800.53,0,5.710593224,5.913978,0.179211,83.154122,87.455197,0,0,1.971326,5.197133,0,102.7360001,305,"Bushnell HD",358,1.070819106,33070.83333,26.43346531,72518.43042,122.7335968,2.263636112,246,0,4741317.962,200,108.4349518,2.070207,3.330333,36.183618,54.455445,0,0,0,0
"13",4,12,4,"Deciduous","BC","Fall",6,6,3.414141414,1.464332607,0,6371882.83,NA,0,2.508961,0,88.172043,88.888889,0,0,0,8.064516,0,89.65440369,140,"Bushnell HD",178,1.070819106,33070.83333,26.43346531,72518.43042,96.86520386,0,250,0.450578,4741317.962,18,NA,0.810081,0.90009,22.232223,83.528353,0,0,0,1.620162
"14",18,11,4,"Deciduous","BC","Fall",NA,NA,NA,NA,1.114233878,5202084.1,258.690063,3.64697051,0,9.856631,40.501792,97.132617,0,0,0.358423,2.688172,0,85.59600067,215,"Browning ",334,1.070819106,33070.83333,26.43346531,72518.43042,99.28639984,3.64697051,215,0,5202084.104,334,258.6900635,0.180018,8.820882,49.774977,94.059405,0,0,2.160216,1.710171
"15",27,41,4,"Deciduous","BC","Fall",5,4,3.789473684,1.445185879,0.015118817,5202084.1,305.537689,6.137379646,0,4.121864,84.587814,94.086022,0,0,0,6.272401,0,91.19300079,273,"Browning ",51,1.070819106,33070.83333,26.43346531,72518.43042,96.56919861,2.8624053,210,0.742934,9505800.525,180,0,0.090009,5.130513,32.673267,61.926192,2.520252,17.191719,1.080108,0
"16",35,16,4,"Deciduous","BC","Fall",6,27,2.519412382,1.157502185,0,6371882.83,71.5650482,2.263636112,2.688172,0,82.616487,82.616487,0,0,0,14.874552,0,90.55780029,142,"Browning ",14,1.070819106,33070.83333,26.43346531,72518.43042,98.3769989,2.263636112,142,0,6371882.833,14,71.56504822,1.530153,1.080108,80.738074,86.048605,0,0,0,0
"17",8,23,1,"Pine","DEG","Winter",NA,NA,NA,NA,0,9505800.53,NA,0,0,13.261649,27.419355,86.55914,0,0,4.121864,10.215054,0,96.56919861,237,"Browning ",70,0.610648081,2238.888889,35.65043782,3577.924967,99.28639984,6.457954884,255,0.684001,5202084.104,81,6.340190887,NA,6.390639,56.79568,87.668767,0.180018,4.050405,4.680468,3.060306
"18",15,14,1,"Pine","DEG","Winter",6,64,1.50132307,0.758854937,0,7261271.09,251.565048,2.263636112,0,1.075269,27.060932,98.387097,0,0,1.612903,0,0,122.7335968,132,"Browning ",288,0.610648081,2238.888889,35.65043782,3577.924967,119.0617981,3.199601412,257,0.341941,5202084.104,78,296.5650635,0,9.630963,72.9973,95.949595,0,4.680468,0,0
"19",28,15,1,"Pine","DEG","Winter",3,NA,2.666666667,1.039720771,0,4741317.96,78.6900711,10.82504368,0,4.83871,83.691756,94.982079,0,0,0,5.197133,0,98.40180206,266,"Bushnell HD",352,0.610648081,2238.888889,35.65043782,3577.924967,104.4986038,3.64697051,250,0.619,9505800.525,185,258.6900635,0,11.611161,62.736274,98.649865,0,0,0,0
"20",29,19,1,"Pine","DEG","Winter",6,148,1.352845455,0.596271674,0,6371882.83,315,4.044691086,5.376344,0,90.143369,90.143369,0,0,2.150538,3.046595,0,94.92060089,142,"Bushnell HD",284,0.610648081,2238.888889,35.65043782,3577.924967,120.1684036,16.25391769,231,0,5615631.565,63,300.9637451,0,0,97.29973,98.559856,0,0,1.260126,0
"21",8,11,2,"Pine","DEG","Spring",1,5,1,0,1.542222632,5202084.1,315,1.012750387,0,0,58.602151,84.408603,4.301075,0,2.867384,8.781362,0,104.4089966,199,"Bushnell HD",58,0.610648081,2238.888889,35.65043782,3577.924967,94.6006012,1.012750387,128,0,7261271.087,302,135,5.670567,1.260126,57.335734,81.908191,0,0,7.380738,2.790279
"22",15,35,2,"Pine","DEG","Spring",5,7,2.571428571,1.234267866,0.661620612,7261271.09,333.434937,6.379370213,0,0.896057,58.422939,77.060931,2.867384,0,0,20.250896,0,123.1381989,99,"Browning ",206,0.610648081,2238.888889,35.65043782,3577.924967,97.68659973,2.263636112,286,0.605299,5615631.565,256,251.5650482,2.790279,0.270027,90.549055,92.709271,0,0,1.80018,0
"23",28,38,2,"Pine","DEG","Spring",7,7,2.373626374,1.224626108,0,7261271.09,90,2.8624053,1.971326,3.225806,37.634409,88.530466,0,0,3.405018,6.630824,0,91.81259918,130,"Bushnell HD",46,0.610648081,2238.888889,35.65043782,3577.924967,94.88400269,0,144,0,6371882.833,189,NA,1.890189,0,78.217822,79.207921,0,0,2.70027,0
"24",29,12,2,"Pine","DEG","Spring",3,19,1.322404372,0.4851045,0,9505800.53,335.556,8.588925362,NA,4.121864,43.189964,93.189964,0,0,0,6.989247,0,102.7360001,258,"Bushnell HD",215,0.610648081,2238.888889,35.65043782,3577.924967,89.65440369,0,140,0,6371882.833,178,NA,3.330333,0,78.937894,80.828083,0,0,0,0
"25",8,21,3,"Pine","DEG","Summer",NA,NA,NA,NA,0,5202084.1,258.690063,14.30291462,0.537634,8.243728,39.784946,85.30466,0,0,6.451613,2.508961,4.659498,104.4089966,210,"Browning ",138,0.610648081,2238.888889,35.65043782,3577.924967,119.0617981,5.885129452,212,1.071322,5202084.104,227,14.03624249,0,6.930693,65.256526,91.809181,4.230423,0,0,0
"26",18,18,3,"Pine","DEG","Summer",1,NA,1,0,0,9505800.53,333.434937,3.199601412,0,5.197133,30.286738,95.878136,0,0,4.121864,0,0,119.0617981,265,"Browning ",64,0.610648081,2238.888889,35.65043782,3577.924967,89.65440369,2.8624053,138,0,6371882.833,286,0,3.240324,0,80.378038,81.908191,0,0,0.180018,0.270027
"27",27,35,3,"Pine","DEG","Summer",NA,1,NA,NA,0,6371882.83,245.556046,8.588925362,0,0,89.605735,89.605735,0,0,4.301075,3.225806,3.584229,92.54319763,128,"Browning ",233,0.610648081,2238.888889,35.65043782,3577.924967,97.68659973,17.36706734,236,0,5615631.565,218,177.7093964,2.160216,0,92.079208,93.519352,0,0,0,0
"28",28,8,3,"Pine","DEG","Summer",NA,NA,NA,NA,0.968969565,5615631.56,333.434937,6.379370213,2.688172,3.225806,71.326165,84.22939,0,0,0,12.903225,0,92.95980072,257,"Browning ",71,0.610648081,2238.888889,35.65043782,3577.924967,92.54319763,16.05431557,257,0.537096,5615631.565,331,124.3803482,0.450045,3.060306,88.388839,97.479748,0,0,0,0
"29",1,23,4,"Pine","DEG","Fall",14,12,7.490666667,2.250959662,0,7261271.09,15.2551184,8.111279488,0.358423,1.25448,50,99.283154,0,0,0,0.358423,0,94.0141983,127,"Bushnell HD",142,0.610648081,2238.888889,35.65043782,3577.924967,96.86520386,4.168739796,250,0.999379,4741317.962,298,59.03624344,0.810081,3.870387,15.841584,80.108011,0.630063,0,0.990099,0.990099
"30",6,5,4,"Pine","DEG","Fall",NA,NA,NA,NA,0,6371882.83,0,2.8624053,0,0,91.577061,93.189964,0,0,0,6.451613,0,89.65440369,138,"Browning ",286,0.610648081,2238.888889,35.65043782,3577.924967,104.4089966,15.61612988,195,0,5615631.565,185,349.6951599,3.510351,1.170117,90.009001,95.409541,0,0,0,0
"31",33,38,4,"Pine","DEG","Fall",12,15,5.013888889,2.037460008,0.247407766,4741317.96,98.1301041,5.051152706,2.329749,1.075269,33.870968,81.362008,0,0,1.971326,14.516129,0.537634,98.40180206,249,"Browning ",235,0.610648081,2238.888889,35.65043782,3577.924967,102.7360001,5.051152706,249,0.233927,4741317.962,235,98.13010406,2.160216,1.980198,25.112511,81.9982,0,0,2.520252,1.080108
"32",37,31,4,"Pine","DEG","Fall",14,12,7.691437803,2.274623123,0,4741317.96,NA,0,1.612903,0,75.448029,82.078853,0,0,0,17.204301,0,98.40180206,249,"Browning ",173,0.610648081,2238.888889,35.65043782,3577.924967,102.7360001,0,249,0,4741317.962,173,NA,0.810081,2.160216,67.866787,85.868587,0,0,0.180018,0
"33",6,2,1,"Deciduous","DON","Winter",NA,NA,NA,NA,0,7261271.09,251.565048,2.263636112,0,1.075269,27.060932,98.387097,0,0,1.612903,0,0,94.0141983,132,"Browning ",304,1.629970763,3633.333333,26.53918644,4450.589593,96.62519836,6.379370213,276,0.670186,5202084.104,80,206.5650482,1.80018,2.970297,68.676868,92.529253,0,0.990099,0,0.990099
"34",14,22,1,"Deciduous","DON","Winter",9,22,2.815745394,1.425733686,0.19934951,5202084.1,325.30484,11.179986,0,11.290323,48.924731,93.010753,0.179211,0,0,7.168459,0,84.79499817,219,"Bushnell HD",7,1.629970763,3633.333333,26.53918644,4450.589593,92.13800049,8.588925362,258,0.046707,9505800.525,215,335.556,0,4.320432,38.073807,88.748874,0.180018,0,1.170117,3.420342
"35",21,21,1,"Deciduous","DON","Winter",6,NA,1.315305762,0.570371424,0,5202084.1,296.565063,3.199601412,0,9.856631,80.286738,98.387097,0,0.896057,0,0,0,92.13800049,257,"Bushnell HD",78,1.629970763,3633.333333,26.53918644,4450.589593,92.95980072,3.035723686,253,0.551039,9505800.525,232,0,0,3.870387,29.522952,89.558956,0,6.660666,3.420342,0
"36",27,8,1,"Deciduous","DON","Winter",8,5,4.313432836,1.727463557,0.054430636,4741317.96,315,1.012750387,1.25448,3.225806,31.72043,86.559139,0,0,0,10.035842,2.150538,94.6989975,256,"Browning ",348,1.629970763,3633.333333,26.53918644,4450.589593,120.1684036,10.82504368,255,0.594524,5615631.565,51,78.69007111,3.240324,1.170117,83.168317,90.9991,0,0,0,0
"37",6,9,2,"Deciduous","DON","Spring",NA,NA,NA,NA,1.025270355,7261271.09,289.798889,18.37304306,0,3.942652,56.272401,83.154121,4.301075,0.896057,0.179211,12.18638,0,91.68359375,111,"Browning ",51,1.629970763,3633.333333,26.53918644,4450.589593,90.55780029,3.64697051,134,0,7261271.087,146,258.6900635,2.070207,1.440144,46.264626,74.167416,0,0,4.950495,1.980198
"38",14,5,2,"Deciduous","DON","Spring",5,2,1.95202952,1.003165921,1.610240456,4741317.96,225,1.012750387,0,0.537634,24.551971,86.021505,0,0,8.064516,3.584229,1.971326,96.62519836,254,"Bushnell HD",334,1.629970763,3633.333333,26.53918644,4450.589593,94.0141983,8.984876633,126,0.102861,6371882.833,222,288.4349365,0.630063,1.080108,67.866787,76.777678,0.270027,0,0,0.810081
"39",21,1,2,"Deciduous","DON","Spring",3,8,1.350337584,0.475033902,0,7261271.09,265.601288,9.256682396,16.129032,0,57.885305,71.505377,0,0,3.046595,10.035842,0,120.1684036,122,"Bushnell HD",30,1.629970763,3633.333333,26.53918644,4450.589593,104.4089966,9.256682396,270,0.606199,5615631.565,244,237.5288086,0.810081,1.620162,94.779478,99.009901,0,0,0,0
"40",27,3,2,"Deciduous","DON","Spring",3,4,2.181818182,0.887694276,0,4741317.96,108.434952,2.263636112,0,5.017921,35.483871,52.688172,0,0,0,47.491039,0,94.88400269,246,"Browning ",200,1.629970763,3633.333333,26.53918644,4450.589593,91.68359375,18.54197884,156,0.448026,6371882.833,234,153.4349518,0,0,54.275428,54.275428,1.980198,10.171017,9.540954,0.090009
"41",1,12,3,"Deciduous","DON","Summer",NA,NA,NA,NA,0.820084703,5202084.1,206.565048,6.379370213,1.792115,1.971326,58.602151,91.218638,0,0,0,7.168459,0,104.4089966,276,"Bushnell HD",80,1.629970763,3633.333333,26.53918644,4450.589593,99.28639984,11.179986,219,0.782655,5202084.104,7,325.3048401,0,8.10081,56.075608,90.369037,3.690369,0,0,0
"42",6,41,3,"Deciduous","DON","Summer",8,37,2.645256335,1.30550995,0.44764805,5615631.56,124.380348,16.05431557,0,2.867384,91.397849,97.491039,0,0,0,2.329749,0,97.68659973,257,"Browning ",331,1.629970763,3633.333333,26.53918644,4450.589593,104.4089966,11.69020844,227,0,5615631.565,278,295.0169067,0,0.630063,95.769577,98.559856,0,0,0,0
"43",7,9,3,"Deciduous","DON","Summer",1,NA,1,0,0,4741317.96,NA,0,0.179211,0,17.204301,85.663082,0,0,0,13.261649,1.433692,87.71920013,250,"Browning ",18,1.629970763,3633.333333,26.53918644,4450.589593,83.87879944,4.520227432,222,0,9505800.525,224,341.5651,1.080108,10.441044,31.50315,84.878487,0,2.340234,0,0
"44",33,23,3,"Deciduous","DON","Summer",9,14,3.18877551,1.469562287,0.599027752,5202084.1,206.565048,3.199601412,1.075269,2.688172,60.573477,77.240144,4.121864,0,8.243728,6.451613,3.405018,99.76599884,200,"Browning ",21,1.629970763,3633.333333,26.53918644,4450.589593,123.1381989,1.012750387,256,0.249187,4741317.962,348,315,2.610261,2.430243,35.643564,85.778577,0,0,0.810081,1.080108
"45",10,35,4,"Deciduous","DON","Fall",6,2,1.453313804,0.733151618,0.676785306,9505800.53,315,1.012750387,0,2.329749,29.21147,89.247312,0,4.83871,6.451613,0,0,119.0617981,263,"Bushnell HD",178,1.629970763,3633.333333,26.53918644,4450.589593,94.6989975,3.199601412,147,0,6371882.833,199,296.5650635,4.140414,0,83.438344,83.438344,0,0,3.330333,0
"46",14,25,4,"Deciduous","DON","Fall",5,2,4.571428571,1.559581156,1.053959516,5615631.56,108.434952,8.984876633,1.075269,2.867384,84.946237,87.813621,0,0,0,10.035842,0,95.92179871,279,"Browning ",196,1.629970763,3633.333333,26.53918644,4450.589593,119.0617981,6.137379646,273,0.804834,5202084.104,51,305.5376892,0,3.960396,76.417642,94.059406,0,0.450045,0,0.360036
"47",21,40,4,"Deciduous","DON","Fall",9,NA,4.651162791,1.860534377,0.763104644,9505800.53,258.690063,3.64697051,0,12.724014,63.978495,98.924731,0,0,0,0,0,98.8789978,250,"Bushnell HD",185,1.629970763,3633.333333,26.53918644,4450.589593,99.76599884,0,196,0.357784,5202084.104,17,NA,0,0,41.944194,50.765076,0.090009,14.311431,28.892889,0
"48",30,17,4,"Deciduous","DON","Fall",4,9,1.565217391,0.693881307,0.820708428,4741317.96,302.471191,9.256682396,0,1.433692,15.232975,95.519714,0,0,0,1.792115,3.225806,98.40180206,260,"Bushnell HD",30,1.629970763,3633.333333,26.53918644,4450.589593,87.71920013,0,237,0.212374,9505800.525,70,NA,0,15.751575,38.613861,86.40864,0,0,2.070207,0.630063
"49",3,5,1,"Deciduous","SH","Winter",3,1,2.272727273,0.950270539,0.727051544,9505800.53,NA,0,0,10.215054,7.706093,69.892473,0,27.319355,0,1.433692,1.971326,98.48180389,235,"Bushnell HD",328,1.708079694,7550,24.73308483,32724.92347,102.7360001,10.82504368,266,0,4741317.962,352,78.69007111,0,2.430243,88.388839,95.769577,0,0,0,0
"50",10,10,1,"Deciduous","SH","Winter",NA,NA,NA,NA,0.456875405,5615631.56,154.983109,22.48092842,0,4.121864,92.65233,99.283155,0,0,0,1.25448,0,95.92179871,270,"Bushnell HD",271,1.708079694,7550,24.73308483,32724.92347,91.81259918,9.256682396,122,0.261651,7261271.087,30,265.6012878,9.0009,0,50.405041,69.216922,0.630063,0.540054,5.130513,2.430243
"51",23,3,1,"Deciduous","SH","Winter",8,20,3.112840467,1.460800689,0,6371882.83,288.434937,8.984876633,1.25448,2.150538,58.960573,76.702509,0,0,0,22.580645,0,92.54319763,126,"Bushnell HD",222,1.708079694,7550,24.73308483,32724.92347,92.54319763,8.646670341,251,0,5615631.565,200,189.462326,2.250225,0.720072,88.838884,93.969397,0,0,0,0
"52",25,9,1,"Deciduous","SH","Winter",9,7,6.222222222,1.978809032,0,6371882.83,231.340195,9.094640732,0,0,73.835125,74.372759,0,0,0.896057,23.11828,1.971326,92.54319763,113,"Browning ",13,1.708079694,7550,24.73308483,32724.92347,97.68659973,22.48092842,270,0.542422,5615631.565,271,154.9831085,0.810081,2.070207,93.69937,97.029703,0,0,0,0
"53",3,7,2,"Deciduous","SH","Spring",4,28,1.938461538,0.855172746,0,6371882.83,166.429565,20.45103073,1.612903,0,81.003584,81.003584,0,0,0,18.100358,0,88.53279877,145,"Bushnell HD",306,1.708079694,7550,24.73308483,32724.92347,96.40039825,1.012750387,263,0.604183,9505800.525,178,315,0,6.570657,30.513051,96.849685,0.630063,0,2.070207,0
"54",10,25,2,"Deciduous","SH","Spring",3,3,1.030500585,0.086228631,2.441356311,4741317.96,NA,0,0,0,1.075269,85.842294,1.792115,0,0,7.526882,5.555556,96.62519836,251,"Browning ",12,1.708079694,7550,24.73308483,32724.92347,88.53279877,20.45103073,145,0,6371882.833,306,166.4295654,1.980198,0,82.358236,82.358236,0,0.090009,0,1.260126
"55",23,16,2,"Deciduous","SH","Spring",9,8,4.142857143,1.7226575,0,9505800.53,225,1.012750387,0,13.620072,31.003584,75.985663,0,0,0.537634,23.11828,0,97.57499695,231,"Bushnell HD",121,1.708079694,7550,24.73308483,32724.92347,96.86520386,3.199601412,262,1.365891,4741317.962,354,296.5650635,0.630063,0.810081,27.90279,86.408641,1.350135,0,2.070207,4.230423
"56",25,6,2,"Deciduous","SH","Spring",3,7,1.588235294,0.683738906,0,7261271.09,225,1.012750387,0,1.075269,28.136201,99.283155,0,0,1.612903,0,0,120.1684036,132,"Browning ",280,1.708079694,7550,24.73308483,32724.92347,98.40180206,1.012750387,254,1.337998,4741317.962,334,225,0.630063,1.350135,25.20252,87.308731,0.180018,0,4.140414,1.440144
"57",3,5,3,"Deciduous","SH","Summer",4,1,2.057142857,0.983087759,0,7261271.09,258.690063,3.64697051,4.121864,1.612903,49.283154,81.72043,0,0,3.584229,8.064516,2.508961,91.68359375,134,"Bushnell HD",146,1.708079694,7550,24.73308483,32724.92347,97.68659973,8.984876633,279,0.756377,5615631.565,196,108.4349518,4.320432,2.070207,85.688569,87.758776,0,0,0.810081,0
"58",10,1,3,"Deciduous","SH","Summer",NA,NA,NA,NA,0.520525552,9505800.53,0,3.035723686,0,5.197133,20.430108,95.340503,0,0,3.584229,0,0,119.0617981,253,"Bushnell HD",232,1.708079694,7550,24.73308483,32724.92347,92.95980072,2.8624053,238,0.418124,9505800.525,356,270,0,11.071107,23.40234,86.588659,0,3.060306,0.540054,0.990099
"59",23,32,3,"Deciduous","SH","Summer",14,10,6.470137825,2.191575587,0,6371882.83,153.434952,18.54197884,0,0,49.641577,49.641577,0,4.659498,18.996416,25.985663,0,92.54319763,156,"Bushnell HD",234,1.708079694,7550,24.73308483,32724.92347,94.6006012,6.379370213,99,0.630696,7261271.087,206,333.4349365,0.090009,1.980198,64.536454,78.847885,2.610261,0,0.090009,0
"60",25,38,3,"Deciduous","SH","Summer",5,NA,4.454545455,1.549826046,0,7261271.09,278.130096,5.051152706,2.150538,0,80.107527,94.802868,0,0,3.584229,0,0,120.1684036,102,"Browning ",233,1.708079694,7550,24.73308483,32724.92347,85.30079651,5.051152706,102,0.335006,7261271.087,233,278.1300964,1.980198,0.090009,67.776778,88.838884,0.810081,0.630063,3.780378,0
"61",2,7,4,"Deciduous","SH","Fall",4,NA,3.769230769,1.351783994,0,5615631.56,189.462326,8.646670341,3.942652,0.716846,86.55914,93.90681,0,0,0,2.867384,0,97.68659973,251,"Bushnell HD",200,1.708079694,7550,24.73308483,32724.92347,98.40180206,0,250,0.998469,4741317.962,218,NA,0.450045,1.170117,28.442844,83.168317,0,0,4.140414,0
"62",15,6,4,"Deciduous","SH","Fall",12,141,2.159942878,1.178619909,0,9505800.53,270,2.8624053,0,11.648746,22.759857,91.756273,0,0,1.075269,7.168459,0,119.0617981,238,"Browning ",356,1.708079694,7550,24.73308483,32724.92347,96.62519836,1.012750387,199,1.088857,5202084.104,58,315,0,0.90009,56.975698,77.767777,3.420342,0,10.261026,0
"63",23,24,4,"Deciduous","SH","Fall",10,2,2.634206624,1.353455394,1.280475657,5202084.1,131.185928,14.88256741,0,5.376344,66.308244,93.010753,5.734767,0,0,1.075269,0,97.375,227,"Bushnell HD",168,1.708079694,7550,24.73308483,32724.92347,96.62519836,14.30291462,210,0,5202084.104,138,258.6900635,0.540054,5.220522,56.705671,88.928893,0,0,5.130513,2.880288
"64",28,1,4,"Deciduous","SH","Fall",17,15,2.43980198,1.529241394,0.723268761,9505800.53,0,2.8624053,0,2.688172,38.351254,68.279569,1.075269,4.659498,1.612903,24.910394,0,98.3769989,210,"Browning ",180,1.708079694,7550,24.73308483,32724.92347,99.28639984,3.199601412,206,1.159804,5202084.104,16,26.56505013,0,4.770477,65.256526,92.709271,4.950495,0,0,0
"65",4,26,1,"Pine","WF","Winter",6,5,3.95890411,1.5335908,0,5202084.1,45,2.02486825,0,14.695341,34.767025,94.623656,0,0,0,5.376344,0,104.4089966,220,"Bushnell HD",92,1.200636272,9933.333333,32.48932693,48171.08736,85.59600067,2.8624053,130,0,7261271.087,46,90,0.990099,2.790279,38.613861,88.838883,0,0,2.520252,0
"66",9,25,1,"Pine","WF","Winter",2,1,2,0.693147181,0.939955613,5202084.1,6.34019089,6.457954884,0,7.706093,48.566308,93.727598,0,0.716846,2.508961,0,3.405018,85.59600067,255,"Bushnell HD",81,1.200636272,9933.333333,32.48932693,48171.08736,94.92060089,8.111279488,127,0,7261271.087,142,15.25511837,1.890189,1.080108,47.524752,94.239423,0,1.980198,0.810081,0
"67",22,18,1,"Pine","WF","Winter",7,97,1.554951943,0.817427709,0,5615631.56,300.963745,16.25391769,0,1.25448,98.207885,100.716845,0,0,0,0,0,92.95980072,231,"Bushnell HD",63,1.200636272,9933.333333,32.48932693,48171.08736,97.375,5.710593224,305,0.631112,9505800.525,358,0,3.77697842,2.607914,80.935252,86.241008,0,0,1.798561,0
"68",33,1,1,"Pine","WF","Winter",6,47,1.84417285,1.002204018,0,5615631.56,349.69516,15.61612988,3.942652,0,93.727599,94.265233,0,0,0,1.792114,0,99.28639984,195,"Browning ",185,1.200636272,9933.333333,32.48932693,48171.08736,96.86520386,1.012750387,251,0.471178,4741317.962,0,315,5.940594,0.990099,24.662466,81.188119,0,0,0.810081,0.990099
"69",4,36,2,"Pine","WF","Spring",6,29,2.161152615,1.093135123,1.053959516,5615631.56,108.434952,8.984876633,1.075269,2.867384,84.946237,87.813621,0,0,0,10.035842,0,97.68659973,279,"Browning ",226,1.200636272,9933.333333,32.48932693,48171.08736,85.30079651,14.03624344,121,0.60961,7261271.087,280,90,5.40054,0.810081,63.276328,79.29793,2.160216,0,8.460846,2.790279
"70",9,34,2,"Pine","WF","Spring",NA,NA,NA,NA,0,7261271.09,87.5104446,16.05431557,2.150538,1.25448,50.179211,88.709677,0,7.526882,1.612903,0.358423,0,123.1381989,117,"Bushnell HD",46,1.200636272,9933.333333,32.48932693,48171.08736,104.4089966,5.051152706,274,0,5615631.565,161,98.13010406,1.170117,1.080108,97.479748,98.559856,0,0,0,0
"71",22,31,2,"Pine","WF","Spring",9,60,1.853376379,1.072709353,0.267861281,7261271.09,90,14.03624344,4.480287,0,67.02509,77.240144,1.433692,0,13.082437,0,3.763441,120.1684036,121,"Bushnell HD",280,1.200636272,9933.333333,32.48932693,48171.08736,84.79499817,2.8624053,125,0,7261271.087,13,0,1.890189,1.80018,36.993699,90.729073,0,0,1.620162,1.260126
"72",33,32,2,"Pine","WF","Spring",2,3,1.923076923,0.673011667,0,5202084.1,NA,0,0,0,34.408602,43.189964,0,11.648746,41.577061,2.508961,0,99.76599884,196,"Browning ",17,1.200636272,9933.333333,32.48932693,48171.08736,123.1381989,1.012750387,255,0.549441,4741317.962,278,315,5.490549,0.540054,63.546355,91.179118,NA,NA,0.360036,0.360036
"73",6,42,3,"Pine","WF","Summer",NA,NA,NA,NA,0.698624119,4741317.96,59.0362434,4.168739796,0,3.046595,10.035842,82.97491,0.179211,0,0,17.383513,0,83.87879944,250,"Browning ",298,1.200636272,9933.333333,32.48932693,48171.08736,98.48180389,0,277,0,9505800.525,37,NA,2.70027,6.750675,66.156616,86.138614,0,0,2.430243,0.360036
"74",14,17,3,"Pine","WF","Summer",7,19,1.724455467,0.826025122,0,6371882.83,NA,0,1.971326,0,83.512545,85.483871,0,0,1.792115,10.035842,0,96.86520386,144,"Bushnell HD",189,1.200636272,9933.333333,32.48932693,48171.08736,95.92179871,2.263636112,132,0,7261271.087,288,251.5650482,0.720072,1.260126,35.553555,92.439244,NA,NA,0.990099,NA
"75",21,40,3,"Pine","WF","Summer",NA,2,NA,NA,0.714961978,5615631.56,78.6900711,10.82504368,3.046595,0.179211,85.304659,93.906809,0,0,0,3.225806,0,96.40039825,255,"Bushnell HD",51,1.200636272,9933.333333,32.48932693,48171.08736,94.88400269,3.199601412,113,0.010084,6371882.833,164,333.4349365,2.880288,0,78.217822,80.378038,0,0,0,0
"76",32,26,3,"Pine","WF","Summer",10,18,1.956181534,1.0835901,0,6371882.83,108.434952,6.762860775,4.121864,0,80.46595,80.46595,0,0,0,8.064516,7.885305,94.92060089,131,"Browning ",56,1.200636272,9933.333333,32.48932693,48171.08736,84.79499817,11.30993271,119,0.50759,7261271.087,263,180,0.360036,2.520252,61.746175,88.838884,1.980198,0,3.150315,0.810081
"77",3,39,4,"Pine","WF","Fall",6,5,4.787234043,1.674589567,0,5615631.56,270,4.289153576,0.358423,4.121864,86.55914,94.623656,0,0,0,4.301075,0,97.68659973,279,"Bushnell HD",172,1.200636272,9933.333333,32.48932693,48171.08736,98.40180206,0,262,0.324411,4741317.962,157,NA,3.60036,1.80018,45.0045,81.278127,0,0,0.810081,0
"78",5,34,4,"Pine","WF","Fall",6,11,3.74251497,1.53290246,0,9505800.53,341.5651,4.520227432,2.150538,10.9319,17.383513,86.559141,0,0,0,10.394265,0,98.48180389,222,"Browning ",224,1.200636272,9933.333333,32.48932693,48171.08736,91.68359375,8.588925362,128,0,6371882.833,233,245.5560455,0.90009,0,80.19802,80.19802,0,0,2.340234,4.680468
"79",34,21,4,"Pine","WF","Fall",10,77,2.106320908,1.254315271,0.983261847,9505800.53,296.565063,3.199601412,0,0.716846,57.526882,98.74552,0,0,0,1.433692,0,102.7360001,350,"Browning ",129,1.200636272,9933.333333,32.48932693,48171.08736,97.375,3.199601412,350,1.102746,9505800.525,129,296.5650635,0,3.60036,66.516652,97.29973,0.360036,0,0,0.090009
"80",36,32,4,"Pine","WF","Fall",15,17,8.934261408,2.347446021,0,9505800.53,NA,0,2.150538,7.168459,30.645161,80.824373,0,0.179211,0,17.383513,0,102.7360001,222,"Browning ",236,1.200636272,9933.333333,32.48932693,48171.08736,91.19300079,0,222,0,9505800.525,236,NA,1.080108,6.210621,33.393339,77.947794,0,8.10081,0,0
"81",2,7,1,"Pine","WHIP","Winter",NA,NA,NA,NA,1.504610742,9505800.53,0,2.8624053,0,0,10.035842,91.397849,0.358423,0,3.046595,5.376344,0,104.4986038,273,"Bushnell HD",240,1.450201299,37979.16667,52.51739898,35473.81705,120.1684036,13.83230305,223,0,5615631.565,322,293.9624939,3.240324,1.980198,94.059406,96.039604,0,0,0,0
"82",18,16,1,"Pine","WHIP","Winter",5,13,2.494845361,1.19731028,0,5202084.1,26.5650501,3.199601412,0,3.584229,56.810036,95.878136,4.659498,0,0,0,0,84.79499817,206,"Browning ",16,1.450201299,37979.16667,52.51739898,35473.81705,85.8302002,2.8624053,273,1.183714,9505800.525,240,0,0,2.250225,19.531953,88.388839,1.620162,0.540054,4.860486,0.450045
"83",31,6,1,"Pine","WHIP","Winter",4,4,3.878787879,1.37050239,0,7261271.09,0,2.8624053,1.971326,2.508961,32.97491,94.982079,0,0,1.612903,0,1.433692,85.30079651,125,"Bushnell HD",13,1.450201299,37979.16667,52.51739898,35473.81705,98.40180206,0,251,1.708201,4741317.962,12,NA,1.890189,0.720072,10.80108,81.548155,0,0,1.260126,4.680468
"84",32,17,1,"Pine","WHIP","Winter",6,18,1.865671642,1.02690461,0,7261271.09,23.19859,5.438007832,8.960573,1.792115,35.125448,87.096774,0,0,1.612903,2.867384,0,91.81259918,121,"Browning ",297,1.450201299,37979.16667,52.51739898,35473.81705,123.1381989,5.438007832,254,0.658475,4741317.962,105,336.8014221,2.070207,0.990099,47.074707,92.259225,0,0,0.090009,1.620162
"85",2,42,2,"Pine","WHIP","Spring",8,18,3.107526882,1.532267061,0.729647265,4741317.96,315,1.012750387,6.272401,0,16.487455,82.616487,0,0,1.612903,9.498208,0,85.8302002,251,"Bushnell HD",0,1.450201299,37979.16667,52.51739898,35473.81705,85.8302002,0,235,0.592534,9505800.525,328,NA,0,7.740774,13.591359,66.426642,0,30.60306,0.540054,0.990099
"86",18,40,2,"Pine","WHIP","Spring",13,42,2.808205128,1.573152973,0,5615631.56,293.962494,13.83230305,0,3.942652,96.057348,100,0,0,0,0,0,92.95980072,223,"Bushnell HD",322,1.450201299,37979.16667,52.51739898,35473.81705,92.54319763,4.289153576,279,0,5615631.565,172,270,2.70027,3.330333,81.638164,90.549055,0,0,1.170117,0
"87",31,41,2,"Pine","WHIP","Spring",3,6,1.684210526,0.73562194,0,6371882.83,NA,0,4.301075,0,87.992832,87.992832,0,0,0,6.09319,1.612903,90.55780029,140,"Bushnell HD",180,1.450201299,37979.16667,52.51739898,35473.81705,97.57499695,0,140,0,6371882.833,180,NA,5.040504,0,76.59766,76.59766,0,0,0.720072,4.230423
"88",32,39,2,"Pine","WHIP","Spring",3,2,2.666666667,1.039720771,0.513261553,7261271.09,180,11.30993271,0,1.075269,65.949821,95.519714,1.792115,0,2.867384,0.358423,0.537634,85.30079651,119,"Browning ",263,1.450201299,37979.16667,52.51739898,35473.81705,96.62519836,2.02486825,220,0,5202084.104,92,45,0,10.80108,49.50495,95.589558,0,0,0.270027,0
"89",4,11,3,"Pine","WHIP","Summer",NA,NA,NA,NA,0.905170002,4741317.96,296.565063,3.199601412,1.25448,1.25448,27.419355,91.935484,0,0,0,4.121864,2.150538,85.8302002,262,"Bushnell HD",354,1.450201299,37979.16667,52.51739898,35473.81705,92.54319763,8.984876633,279,0.756377,5615631.565,226,108.4349518,4.320432,2.070207,85.688569,87.758776,0,0,0.810081,0
"90",15,16,3,"Pine","WHIP","Summer",11,14,5.952913753,1.983041066,0,6371882.83,333.434937,3.199601412,3.405018,0,85.663082,85.842293,0,0,0,10.9319,0,96.86520386,113,"Browning ",164,1.450201299,37979.16667,52.51739898,35473.81705,85.59600067,5.438007832,121,0,7261271.087,297,23.19859,8.010801,2.070207,41.044104,86.858685,0,0,1.260126,0
"91",22,22,3,"Pine","WHIP","Summer",NA,NA,NA,NA,0.888699578,4741317.96,336.801422,5.438007832,0,1.075269,49.462366,97.670251,0,0,0,1.433692,0.896057,93.27200317,254,"Bushnell HD",105,1.450201299,37979.16667,52.51739898,35473.81705,94.0141983,9.094640732,113,0,6371882.833,13,231.3401947,0.270027,0,75.337534,76.867687,0,0,0.630063,0.990099
"92",31,3,3,"Pine","WHIP","Summer",7,11,1.307504762,0.541687663,0.3535004,5615631.56,237.528809,9.256682396,0,0.716846,98.566308,99.283154,0,0,0,0.896057,0,99.28639984,270,"Bushnell HD",244,1.450201299,37979.16667,52.51739898,35473.81705,97.57499695,6.762860775,131,0,6371882.833,56,108.4349518,4.50045,0,76.237624,76.237624,0,0,0.720072,4.860486
"93",7,42,4,"Pine","WHIP","Fall",14,7,7.438053097,2.24693502,0,6371882.83,220.236359,12.01703548,6.451613,0,85.304659,85.304659,0,0,1.792115,6.09319,0,89.65440369,144,"Browning ",270,1.450201299,37979.16667,52.51739898,35473.81705,89.65440369,12.01703548,144,0,6371882.833,270,220.2363586,4.320432,0,86.948695,86.948695,0,0,4.050405,0
"94",17,26,4,"Pine","WHIP","Fall",15,7,8.537993921,2.388664793,0,6371882.83,296.565063,3.199601412,6.09319,0,89.605735,89.605735,0,0,1.792115,3.225806,0,96.86520386,147,"Browning ",199,1.450201299,37979.16667,52.51739898,35473.81705,99.76599884,3.199601412,200,0.663325,5202084.104,21,206.5650482,0.540054,2.610261,61.29613,82.088209,4.680468,0,5.130513,2.880288
"95",31,15,4,"Pine","WHIP","Fall",12,68,3.337219731,1.483207649,0,5202084.1,180,11.30993271,0,1.612903,76.164875,91.039427,0,0,9.498208,0,0,99.76599884,189,"Bushnell HD",233,1.450201299,37979.16667,52.51739898,35473.81705,120.1684036,6.379370213,257,0.701699,5615631.565,71,333.4349365,2.520252,2.970297,71.467147,85.238524,0,0,0,0
"96",32,13,4,"Pine","WHIP","Fall",6,43,1.689547582,0.865161337,0,5615631.56,295.016907,11.69020844,0,0,96.774194,100.179212,0,0,0,0.896057,0,99.28639984,227,"Browning ",278,1.450201299,37979.16667,52.51739898,35473.81705,92.95980072,3.199601412,265,0.452698,9505800.525,64,333.4349365,0,6.570657,40.774077,97.20972,0,0,2.970297,0
